{"cameraMode":{"drawMode":0,"name":"Shaded","section":"Shading Mode"},"sceneLighting":true,"audioPlay":false,"sceneViewState":{"m_AlwaysRefresh":false,"showFog":true,"showSkybox":true,"showFlares":true,"showImageEffects":true,"showParticleSystems":true,"showVisualEffectGraphs":true,"m_FxEnabled":true},"in2DMode":false,"pivot":{"x":515.8880615234375,"y":318.4674377441406,"z":16.065704345703126},"rotation":{"x":-0.007499777711927891,"y":0.001499681849963963,"z":0.000011658607945719268,"w":0.9999692440032959},"size":478.63812255859377,"orthographic":true}