{"cameraMode":{"drawMode":0,"name":"Shaded","section":"Shading Mode"},"sceneLighting":true,"audioPlay":false,"sceneViewState":{"m_AlwaysRefresh":false,"showFog":true,"showSkybox":false,"showFlares":true,"showImageEffects":true,"showParticleSystems":true,"showVisualEffectGraphs":true,"m_FxEnabled":true},"in2DMode":false,"pivot":{"x":1681.4329833984375,"y":898.5780029296875,"z":-2355.95849609375},"rotation":{"x":0.00025965366512537,"y":0.9990370273590088,"z":-0.04379662126302719,"w":0.006295634899288416},"size":1002.4755249023438,"orthographic":false}