{"cameraMode":{"drawMode":0,"name":"Shaded","section":"Shading Mode"},"sceneLighting":true,"audioPlay":false,"sceneViewState":{"showFog":true,"showMaterialUpdate":true,"showSkybox":true,"showFlares":true,"showImageEffects":true,"showParticleSystems":true,"showVisualEffectGraphs":true,"m_FxEnabled":true},"in2DMode":false,"pivot":{"x":1.4540271759033204,"y":2.7852582931518556,"z":0.7217445373535156},"rotation":{"x":-0.046457063406705859,"y":0.9221106767654419,"z":-0.11709485948085785,"w":-0.3658449053764343},"size":2.776204824447632,"orthographic":false}