{"cameraMode":{"drawMode":0,"name":"Shaded","section":"Shading Mode"},"sceneLighting":true,"audioPlay":false,"sceneViewState":{"m_AlwaysRefresh":false,"showFog":true,"showSkybox":true,"showFlares":true,"showImageEffects":true,"showParticleSystems":true,"showVisualEffectGraphs":true,"m_FxEnabled":true},"in2DMode":false,"pivot":{"x":42.16060256958008,"y":1.1539682149887086,"z":995.0242309570313},"rotation":{"x":-0.016913162544369699,"y":0.9609987735748291,"z":-0.26939162611961367,"w":-0.060332443565130237},"size":6.13278865814209,"orthographic":false}