{"cameraMode":{"drawMode":0,"name":"Shaded","section":"Shading Mode"},"sceneLighting":true,"audioPlay":false,"sceneViewState":{"m_AlwaysRefresh":false,"showFog":true,"showSkybox":true,"showFlares":true,"showImageEffects":true,"showParticleSystems":true,"showVisualEffectGraphs":true,"m_FxEnabled":true},"in2DMode":false,"pivot":{"x":35.96516799926758,"y":2.003380298614502,"z":992.0948486328125},"rotation":{"x":-0.009184700436890126,"y":0.9801674485206604,"z":-0.19238094985485078,"w":-0.046787913888692859},"size":0.8660253882408142,"orthographic":false}