{"cameraMode":{"drawMode":0,"name":"Shaded","section":"Shading Mode"},"sceneLighting":true,"audioPlay":false,"sceneViewState":{"m_AlwaysRefresh":false,"showFog":true,"showSkybox":true,"showFlares":true,"showImageEffects":true,"showParticleSystems":true,"showVisualEffectGraphs":true,"m_FxEnabled":true},"in2DMode":false,"pivot":{"x":158.15530395507813,"y":7.16732120513916,"z":952.6573486328125},"rotation":{"x":0.0028572368901222946,"y":-0.9970271587371826,"z":-0.049097318202257159,"w":-0.06162601709365845},"size":12.985076904296875,"orthographic":false}